Name,Rating,IsOpen24x7,HasParking,Location
"Cloudnine Fertility - IVF Centre, Old Airport Road, Old Airport Road, Bangalore: Practo",5,True,True,"No 29/7, 1st Floor, HAL Old Airport Rd, Kodihalli, Bengaluru, Karnataka  Old Airport Road, Bangalore"
"Cloudnine Hospital - Old Airport Road, Old Airport Road, Bangalore: Practo",4.5,True,True,"115, HAL Landmark: Opposite Kemp Fort and Total Mall Old Airport Road, Bangalore"
"Cloudnine Hospital - Whitefield, Whitefield, Bangalore: Practo",4.5,True,True,"Nagarjuna Sai Signet, 2nd Floor, Plot Number 11, Survey Number 88. Landmark: Opposite Prestige Shantinikethan Whitefield, Bangalore"
"Cloudnine Hospital, Bellandur, Bangalore: Practo",4.5,True,True,"Municipal Number 1/79/4, Bellandur Village, Varthur Hobli Landmark: Opposite Eye Foundation & Near Ravindra Toyota Showroom Bellandur, Bangalore"
"Motherhood Hospital, Indiranagar, Bangalore: Practo",4.5,True,True,"324, Chinmaya Mission Hospital Road, Binnamangala, Hoysala Nagar,Indira Nagar 1st Stage Landmark: Next Vijaya Bank Indiranagar, Bangalore"
"Manipal Hospital Malleshwaram, Malleswaram, Bangalore: Practo",4.5,True,True,"8th Main Road, 5/2, 13th Cross Rd, Malleshwaram, Bengaluru, Karnataka Landmark: 13th Cross Rd Malleswaram, Bangalore"
"Chirag Global Hospitals, JP Nagar 2 Phase, Bangalore: Practo",4.5,True,True,"103, 6th cross road, dollar layout, btm 2nd stage Landmark: Marenahalli JP Nagar 2 Phase, Bangalore"
"Cytecare Hospitals, Yelahanka, Bangalore: Practo",5,True,True,"Bagalur Cross, Bangalore - Hyderabad Highway, Venkatala Village Landmark: Near NMIT Yelahanka, Bangalore"
"Cloudnine Hospital - Jayanagar, Jayanagar, Bangalore: Practo",4.5,True,True,"1st Floor,1533, 9th Main, 3rd Block,Bairasandra Extension Landmark: Opposite Clumax Diagnostics Jayanagar, Bangalore"
"Cloudnine Fertility - IVF Centre, Jayanagar, Jayanagar, Bangalore: Practo",4.5,True,True,"2nd & 3rd Floor, 16/A, 9th Main, Jayanagar 3rd Block  Jayanagar, Bangalore"
"Motherhood Hospital, Whitefield, Bangalore: Practo",4.5,True,True,"34, Whitefield Main Rd, Next to Prestige Ozone Landmark: Next to Forum Value Mall Whitefield, Bangalore"
"Motherhood Hospital, Sahakaranagar, Bangalore: Practo",5,True,True,"2266/17 & 18, Service Road, G Block, International Airport Road,Hebbal, Landmark: Opposite Green Country Public School Sahakaranagar, Bangalore"
"Sagar Chandramma Hospitals, VV Puram, Bangalore: Practo",4.5,True,True,"1, Vanivilas Road, Vishweshwarapura,Basavanagudi Landmark: Next to Vasavi Convention Centre VV Puram, Bangalore"
"Sparsh Hospital, Vasanthnagar, Bangalore: Practo",4.5,True,True,"146, Infantry Road Landmark: Opposite Police Commissioners Office Vasanthnagar, Bangalore"
"Mind & Brain Hospital, Sahakaranagar, Bangalore: Practo",4.5,True,True,"150/24, Kodigehalli Main Road Landmark: Near Trio International School Sahakaranagar, Bangalore"
"Cloudnine Hospital, Malleswaram, Bangalore: Practo",4.5,True,True,"47, 17th Cross, 11th Main Landmark: Near MES College Malleswaram, Bangalore"
"Apollo Cradle & Children’s Hospital, Whitefield, Bangalore: Practo",4.5,True,True,"101/209 & 210, ITPL Main Road, Kundalahalli, Brookefield Landmark: Near AECS Layout Whitefield, Bangalore"
"Cloudnine Fertility - IVF Centre, Whitefield, Bangalore: Practo",5,True,True,"Nagarjuna Sai Signet , 3rd Floor, Plot no.11 Survey No. 88, Whitefield Main Rd  Whitefield, Bangalore"
"SPARSH Hospital, Yeshwanthpur, Bangalore: Practo",5,True,True,"#4/1, Tumkur Main Road Landmark: Next To RNS Motors Yeshwanthpur, Bangalore"
"Motherhood Hospital, HRBR Layout, Bangalore: Practo",5,True,True,"914, 5th A Cross Road, Kalyan Nagar Landmark: Near HRBR Layout Water Tank and Near Horamavu Junction Ring Road. HRBR Layout, Bangalore"
"Manipal Hospital, Millers Road ( Vikram Hospitals ), Millers Road, Bangalore: Practo",4.5,True,True,"71/1, Vasanth Nagar Landmark: Opposite to St Annes College & Beside Navnit Motors Millers Road, Bangalore"
"Motherhood Hospital, Sarjapur Road, Bangalore: Practo",4.5,True,True,"514/ 1-2-3, Kaikondara Village Landmark: Opposite Total Mall And Next To Wipro Sarjapur Road, Bangalore"
"Motherhood Hospital, Banashankari, Bangalore: Practo",5,True,True,"4/19/30th Main Road, Banashankari 3rd Stage Landmark: Near Kempegowda Institute Of Medical Science Banashankari, Bangalore"
"SS Sparsh Hospital, Rajarajeshwarinagar, Bangalore: Practo",4.5,True,True,"Number- 8, Ideal Homes Township, HBCS Layout,Javarandoddi Landmark: Opposite to Icon Internation School Rajarajeshwarinagar, Bangalore"
